questions,right answers,wrong ansers a,wrong ansers b
How many fish in the sea?,A Lot,42,40 Bazillion
question 2,correct 2,wrong a 2,wrong b 2
question 3,correct 3,wrong a 3,wrong b 3
question 4,correct 4,wrong a 4,wrong b 4
question 5,correct 5,wrong a 5,wrong b 5
question 6,correct 6,wrong a 6,wrong b 6
question 7,correct 7,wrong a 7,wrong b 7
question 8,correct 8,wrong a 8,wrong b 8
question 9,correct 9,wrong a 9,wrong b 9
question 10,correct 10,wrong a 10,wrong b 10
question 11,correct 11,wrong a 11,wrong b 11
question 12,correct 12,wrong a 12,wrong b 12
question 13,correct 13,wrong a 13,wrong b 13
question 14,correct 14,wrong a 14,wrong b 14
question 15,correct 15,wrong a 15,wrong b 15
